{
  "webpack": {
    "time": 1932.3297666666667,
    "memory": 0.07090504964192708,
    "version": "^5.75.0"
  },
  "vite": {
    "time": 1172.4843333333333,
    "memory": -0.2484258015950521,
    "version": "^4.0.0"
  },
  "esbuild": {
    "time": 789.7842,
    "memory": 0.1352996826171875,
    "version": "^0.17.0"
  },
  "rollup": {
    "time": 917.1497666666668,
    "memory": 0.12570699055989584,
    "version": "^2.79.1"
  },
  "parcel": {
    "time": 6120.718100000001,
    "memory": -0.16689554850260416,
    "version": "^2.8.3"
  },
  "rspack": {
    "time": 1376.8513,
    "memory": 0.12316640218098958,
    "version": "未知"
  },
  "turbopack": {
    "time": 14256.828533333333,
    "memory": -0.11422983805338542,
    "version": "未知"
  }
}